USE `tfg`;

INSERT INTO `tfg`.`categorias` (`id`, `tipo`, `nombre`, `descripcion`) VALUES ('1', '1', 'DNI', 'Tipos de Documento');
INSERT INTO `tfg`.`categorias` (`id`, `tipo`, `nombre`, `descripcion`) VALUES ('2', '1', 'Pasaporte', 'Tipos de Documento');
INSERT INTO `tfg`.`categorias` (`id`, `tipo`, `nombre`, `descripcion`) VALUES ('3', '1', 'LE', 'Tipos de Documento');
INSERT INTO `tfg`.`categorias` (`id`, `tipo`, `nombre`, `descripcion`) VALUES ('4', '2', 'Normal', 'Tipos de Prioridad para Turnos');
INSERT INTO `tfg`.`categorias` (`id`, `tipo`, `nombre`, `descripcion`) VALUES ('5', '2', 'Alta', 'Tipos de Prioridad para Turnos');
INSERT INTO `tfg`.`categorias` (`id`, `tipo`, `nombre`, `descripcion`) VALUES ('6', '3', 'Abierto', 'Tipos de Estado para Turnos');
INSERT INTO `tfg`.`categorias` (`id`, `tipo`, `nombre`, `descripcion`) VALUES ('7', '3', 'Cerrado', 'Tipos de Estado para Turnos');
INSERT INTO `tfg`.`categorias` (`id`, `tipo`, `nombre`, `descripcion`) VALUES ('8', '4', 'Tatuador', 'Tipos de Roles');
INSERT INTO `tfg`.`categorias` (`id`, `tipo`, `nombre`, `descripcion`) VALUES ('9', '4', 'Cliente', 'Tipos de Roles');
INSERT INTO `tfg`.`categorias` (`id`, `tipo`, `nombre`, `descripcion`) VALUES ('10', '4', 'Encargado de Compras', 'Tipos de Roles');
INSERT INTO `tfg`.`categorias` (`id`, `tipo`, `nombre`, `descripcion`) VALUES ('11', '4', 'Recepcionista', 'Tipos de Roles');
INSERT INTO `tfg`.`categorias` (`id`, `tipo`, `nombre`, `descripcion`) VALUES ('12', '5', 'Acuarela (Watercolor)', 'Tipos de Tatuajes');
INSERT INTO `tfg`.`categorias` (`id`, `tipo`, `nombre`, `descripcion`) VALUES ('13', '5', 'Anime (Manga Comic)', 'Tipos de Tatuajes');
INSERT INTO `tfg`.`categorias` (`id`, `tipo`, `nombre`, `descripcion`) VALUES ('14', '5', 'Biomechanical', 'Tipos de Tatuajes');
INSERT INTO `tfg`.`categorias` (`id`, `tipo`, `nombre`, `descripcion`) VALUES ('15', '5', 'Blackwork', 'Tipos de Tatuajes');
INSERT INTO `tfg`.`categorias` (`id`, `tipo`, `nombre`, `descripcion`) VALUES ('16', '5', 'Celta (Celtic)', 'Tipos de Tatuajes');
INSERT INTO `tfg`.`categorias` (`id`, `tipo`, `nombre`, `descripcion`) VALUES ('17', '5', 'Chicano', 'Tipos de Tatuajes');
INSERT INTO `tfg`.`categorias` (`id`, `tipo`, `nombre`, `descripcion`) VALUES ('18', '5', 'Japones (Oriental)', 'Tipos de Tatuajes');
INSERT INTO `tfg`.`categorias` (`id`, `tipo`, `nombre`, `descripcion`) VALUES ('19', '5', 'Lettering', 'Tipos de Tatuajes');
INSERT INTO `tfg`.`categorias` (`id`, `tipo`, `nombre`, `descripcion`) VALUES ('20', '5', 'Maori', 'Tipos de Tatuajes');
INSERT INTO `tfg`.`categorias` (`id`, `tipo`, `nombre`, `descripcion`) VALUES ('21', '5', 'Neotradicional (Neotraditional)', 'Tipos de Tatuajes');
INSERT INTO `tfg`.`categorias` (`id`, `tipo`, `nombre`, `descripcion`) VALUES ('22', '5', 'New School', 'Tipos de Tatuajes');
INSERT INTO `tfg`.`categorias` (`id`, `tipo`, `nombre`, `descripcion`) VALUES ('23', '5', 'Old School (Traditional)', 'Tipos de Tatuajes');
INSERT INTO `tfg`.`categorias` (`id`, `tipo`, `nombre`, `descripcion`) VALUES ('24', '5', 'Puntillismo (Dotwork)', 'Tipos de Tatuajes');
INSERT INTO `tfg`.`categorias` (`id`, `tipo`, `nombre`, `descripcion`) VALUES ('25', '5', 'Realismo (Black and Grey)', 'Tipos de Tatuajes');
INSERT INTO `tfg`.`categorias` (`id`, `tipo`, `nombre`, `descripcion`) VALUES ('26', '5', 'Realismo (Color)', 'Tipos de Tatuajes');
INSERT INTO `tfg`.`categorias` (`id`, `tipo`, `nombre`, `descripcion`) VALUES ('27', '5', 'Sketch', 'Tipos de Tatuajes');
INSERT INTO `tfg`.`categorias` (`id`, `tipo`, `nombre`, `descripcion`) VALUES ('28', '5', 'Trash Polka', 'Tipos de Tatuajes');
INSERT INTO `tfg`.`categorias` (`id`, `tipo`, `nombre`, `descripcion`) VALUES ('29', '5', 'Tribal', 'Tipos de Tatuajes');
INSERT INTO `tfg`.`categorias` (`id`, `tipo`, `nombre`, `descripcion`) VALUES ('30', '6', 'IntenZe', 'Tipos de Marcas');
INSERT INTO `tfg`.`categorias` (`id`, `tipo`, `nombre`, `descripcion`) VALUES ('31', '6', 'Dynamic', 'Tipos de Marcas');
INSERT INTO `tfg`.`categorias` (`id`, `tipo`, `nombre`, `descripcion`) VALUES ('32', '6', 'Yuelong', 'Tipos de Marcas');
INSERT INTO `tfg`.`categorias` (`id`, `tipo`, `nombre`, `descripcion`) VALUES ('33', '6', 'Big Wasp', 'Tipos de Marcas');
INSERT INTO `tfg`.`categorias` (`id`, `tipo`, `nombre`, `descripcion`) VALUES ('34', '6', 'Dragonhawk', 'Tipos de Marcas');
INSERT INTO `tfg`.`categorias` (`id`, `tipo`, `nombre`, `descripcion`) VALUES ('35', '6', 'Solid Ink', 'Tipos de Marcas');
INSERT INTO `tfg`.`categorias` (`id`, `tipo`, `nombre`, `descripcion`) VALUES ('36', '6', 'Victor Portugal', 'Tipos de Marcas');
INSERT INTO `tfg`.`categorias` (`id`, `tipo`, `nombre`, `descripcion`) VALUES ('37', '6', 'Cheyenne', 'Tipos de Marcas');
INSERT INTO `tfg`.`categorias` (`id`, `tipo`, `nombre`, `descripcion`) VALUES ('38', '6', 'Viking', 'Tipos de Marcas');
INSERT INTO `tfg`.`categorias` (`id`, `tipo`, `nombre`, `descripcion`) VALUES ('39', '6', 'Inkplay', 'Tipos de Marcas');
INSERT INTO `tfg`.`categorias` (`id`, `tipo`, `nombre`, `descripcion`) VALUES ('40', '7', 'Aguja: Round Liner 1RL', 'Tipos de Productos');
INSERT INTO `tfg`.`categorias` (`id`, `tipo`, `nombre`, `descripcion`) VALUES ('41', '7', 'Aguja: Round Liner 3RL', 'Tipos de Productos');
INSERT INTO `tfg`.`categorias` (`id`, `tipo`, `nombre`, `descripcion`) VALUES ('42', '7', 'Aguja: Round Liner 4RL', 'Tipos de Productos');
INSERT INTO `tfg`.`categorias` (`id`, `tipo`, `nombre`, `descripcion`) VALUES ('43', '7', 'Aguja: Round Liner 5RL', 'Tipos de Productos');
INSERT INTO `tfg`.`categorias` (`id`, `tipo`, `nombre`, `descripcion`) VALUES ('44', '7', 'Aguja: Round Liner 7RL', 'Tipos de Productos');
INSERT INTO `tfg`.`categorias` (`id`, `tipo`, `nombre`, `descripcion`) VALUES ('45', '7', 'Aguja: Round Liner 8RL', 'Tipos de Productos');
INSERT INTO `tfg`.`categorias` (`id`, `tipo`, `nombre`, `descripcion`) VALUES ('46', '7', 'Aguja: Round Liner 9RL', 'Tipos de Productos');
INSERT INTO `tfg`.`categorias` (`id`, `tipo`, `nombre`, `descripcion`) VALUES ('47', '7', 'Aguja: Round Liner 11RL', 'Tipos de Productos');
INSERT INTO `tfg`.`categorias` (`id`, `tipo`, `nombre`, `descripcion`) VALUES ('48', '7', 'Aguja: Round Liner 13RL', 'Tipos de Productos');
INSERT INTO `tfg`.`categorias` (`id`, `tipo`, `nombre`, `descripcion`) VALUES ('49', '7', 'Aguja: Round Liner 14RL', 'Tipos de Productos');
INSERT INTO `tfg`.`categorias` (`id`, `tipo`, `nombre`, `descripcion`) VALUES ('50', '7', 'Aguja: Round Liner 15RL', 'Tipos de Productos');
INSERT INTO `tfg`.`categorias` (`id`, `tipo`, `nombre`, `descripcion`) VALUES ('51', '7', 'Aguja: Round Liner 17RL', 'Tipos de Productos');
INSERT INTO `tfg`.`categorias` (`id`, `tipo`, `nombre`, `descripcion`) VALUES ('52', '7', 'Aguja: Round Liner 18RL', 'Tipos de Productos');
INSERT INTO `tfg`.`categorias` (`id`, `tipo`, `nombre`, `descripcion`) VALUES ('53', '7', 'Aguja: Round Liner 20RL', 'Tipos de Productos');
INSERT INTO `tfg`.`categorias` (`id`, `tipo`, `nombre`, `descripcion`) VALUES ('54', '7', 'Aguja: Round Shader 3RS', 'Tipos de Productos');
INSERT INTO `tfg`.`categorias` (`id`, `tipo`, `nombre`, `descripcion`) VALUES ('55', '7', 'Aguja: Round Shader 5RS', 'Tipos de Productos');
INSERT INTO `tfg`.`categorias` (`id`, `tipo`, `nombre`, `descripcion`) VALUES ('56', '7', 'Aguja: Round Shader 7RS', 'Tipos de Productos');
INSERT INTO `tfg`.`categorias` (`id`, `tipo`, `nombre`, `descripcion`) VALUES ('57', '7', 'Aguja: Round Shader 8RS', 'Tipos de Productos');
INSERT INTO `tfg`.`categorias` (`id`, `tipo`, `nombre`, `descripcion`) VALUES ('58', '7', 'Aguja: Round Shader 9RS', 'Tipos de Productos');
INSERT INTO `tfg`.`categorias` (`id`, `tipo`, `nombre`, `descripcion`) VALUES ('59', '7', 'Aguja: Round Shader 10RS', 'Tipos de Productos');
INSERT INTO `tfg`.`categorias` (`id`, `tipo`, `nombre`, `descripcion`) VALUES ('60', '7', 'Aguja: Round Shader 11RS', 'Tipos de Productos');
INSERT INTO `tfg`.`categorias` (`id`, `tipo`, `nombre`, `descripcion`) VALUES ('61', '7', 'Aguja: Round Shader 13RS', 'Tipos de Productos');
INSERT INTO `tfg`.`categorias` (`id`, `tipo`, `nombre`, `descripcion`) VALUES ('62', '7', 'Aguja: Round Shader 14RS', 'Tipos de Productos');
INSERT INTO `tfg`.`categorias` (`id`, `tipo`, `nombre`, `descripcion`) VALUES ('63', '7', 'Aguja: Round Shader 15RS', 'Tipos de Productos');
INSERT INTO `tfg`.`categorias` (`id`, `tipo`, `nombre`, `descripcion`) VALUES ('64', '7', 'Aguja: Round Shader 17RS', 'Tipos de Productos');
INSERT INTO `tfg`.`categorias` (`id`, `tipo`, `nombre`, `descripcion`) VALUES ('65', '7', 'Aguja: Round Shader 18RS', 'Tipos de Productos');
INSERT INTO `tfg`.`categorias` (`id`, `tipo`, `nombre`, `descripcion`) VALUES ('66', '7', 'Aguja: Round Shader 23RS', 'Tipos de Productos');
INSERT INTO `tfg`.`categorias` (`id`, `tipo`, `nombre`, `descripcion`) VALUES ('67', '7', 'Aguja: Round Shader 30RS', 'Tipos de Productos');
INSERT INTO `tfg`.`categorias` (`id`, `tipo`, `nombre`, `descripcion`) VALUES ('68', '7', 'Aguja: Flat Shader 4F', 'Tipos de Productos');
INSERT INTO `tfg`.`categorias` (`id`, `tipo`, `nombre`, `descripcion`) VALUES ('69', '7', 'Aguja: Flat Shader 5F', 'Tipos de Productos');
INSERT INTO `tfg`.`categorias` (`id`, `tipo`, `nombre`, `descripcion`) VALUES ('70', '7', 'Aguja: Flat Shader 6F', 'Tipos de Productos');
INSERT INTO `tfg`.`categorias` (`id`, `tipo`, `nombre`, `descripcion`) VALUES ('71', '7', 'Aguja: Flat Shader 7F', 'Tipos de Productos');
INSERT INTO `tfg`.`categorias` (`id`, `tipo`, `nombre`, `descripcion`) VALUES ('72', '7', 'Aguja: Flat Shader 8F', 'Tipos de Productos');
INSERT INTO `tfg`.`categorias` (`id`, `tipo`, `nombre`, `descripcion`) VALUES ('73', '7', 'Aguja: Flat Shader 9F', 'Tipos de Productos');
INSERT INTO `tfg`.`categorias` (`id`, `tipo`, `nombre`, `descripcion`) VALUES ('74', '7', 'Aguja: Flat Shader 10F', 'Tipos de Productos');
INSERT INTO `tfg`.`categorias` (`id`, `tipo`, `nombre`, `descripcion`) VALUES ('75', '7', 'Aguja: Flat Shader 11F', 'Tipos de Productos');
INSERT INTO `tfg`.`categorias` (`id`, `tipo`, `nombre`, `descripcion`) VALUES ('76', '7', 'Aguja: Magnum 5M1', 'Tipos de Productos');
INSERT INTO `tfg`.`categorias` (`id`, `tipo`, `nombre`, `descripcion`) VALUES ('77', '7', 'Aguja: Magnum 7M1', 'Tipos de Productos');
INSERT INTO `tfg`.`categorias` (`id`, `tipo`, `nombre`, `descripcion`) VALUES ('78', '7', 'Aguja: Magnum 9M1', 'Tipos de Productos');
INSERT INTO `tfg`.`categorias` (`id`, `tipo`, `nombre`, `descripcion`) VALUES ('79', '7', 'Aguja: Magnum 11M1', 'Tipos de Productos');
INSERT INTO `tfg`.`categorias` (`id`, `tipo`, `nombre`, `descripcion`) VALUES ('80', '7', 'Aguja: Magnum 13M1', 'Tipos de Productos');
INSERT INTO `tfg`.`categorias` (`id`, `tipo`, `nombre`, `descripcion`) VALUES ('81', '7', 'Aguja: Magnum 15M1', 'Tipos de Productos');
INSERT INTO `tfg`.`categorias` (`id`, `tipo`, `nombre`, `descripcion`) VALUES ('82', '7', 'Aguja: Magnum 19M1', 'Tipos de Productos');
INSERT INTO `tfg`.`categorias` (`id`, `tipo`, `nombre`, `descripcion`) VALUES ('83', '7', 'Aguja: Magnum 23M1', 'Tipos de Productos');
INSERT INTO `tfg`.`categorias` (`id`, `tipo`, `nombre`, `descripcion`) VALUES ('84', '7', 'Aguja: Magnum 39M1', 'Tipos de Productos');
INSERT INTO `tfg`.`categorias` (`id`, `tipo`, `nombre`, `descripcion`) VALUES ('85', '7', 'Aguja: Double Magnum 5M2', 'Tipos de Productos');
INSERT INTO `tfg`.`categorias` (`id`, `tipo`, `nombre`, `descripcion`) VALUES ('86', '7', 'Aguja: Double Magnum 7M2', 'Tipos de Productos');
INSERT INTO `tfg`.`categorias` (`id`, `tipo`, `nombre`, `descripcion`) VALUES ('87', '7', 'Aguja: Double Magnum 8M2', 'Tipos de Productos');
INSERT INTO `tfg`.`categorias` (`id`, `tipo`, `nombre`, `descripcion`) VALUES ('88', '7', 'Aguja: Double Magnum 9M2', 'Tipos de Productos');
INSERT INTO `tfg`.`categorias` (`id`, `tipo`, `nombre`, `descripcion`) VALUES ('89', '7', 'Aguja: Double Magnum 10M2', 'Tipos de Productos');
INSERT INTO `tfg`.`categorias` (`id`, `tipo`, `nombre`, `descripcion`) VALUES ('90', '7', 'Aguja: Double Magnum 11M2', 'Tipos de Productos');
INSERT INTO `tfg`.`categorias` (`id`, `tipo`, `nombre`, `descripcion`) VALUES ('91', '7', 'Aguja: Double Magnum 13M2', 'Tipos de Productos');
INSERT INTO `tfg`.`categorias` (`id`, `tipo`, `nombre`, `descripcion`) VALUES ('92', '7', 'Aguja: Double Magnum 15M2', 'Tipos de Productos');
INSERT INTO `tfg`.`categorias` (`id`, `tipo`, `nombre`, `descripcion`) VALUES ('93', '7', 'Aguja: Double Magnum 17M2', 'Tipos de Productos');
INSERT INTO `tfg`.`categorias` (`id`, `tipo`, `nombre`, `descripcion`) VALUES ('94', '7', 'Aguja: Double Magnum 19M2', 'Tipos de Productos');
INSERT INTO `tfg`.`categorias` (`id`, `tipo`, `nombre`, `descripcion`) VALUES ('95', '7', 'Aguja: Curved Magnum 5RM', 'Tipos de Productos');
INSERT INTO `tfg`.`categorias` (`id`, `tipo`, `nombre`, `descripcion`) VALUES ('96', '7', 'Aguja: Curved Magnum 7RM', 'Tipos de Productos');
INSERT INTO `tfg`.`categorias` (`id`, `tipo`, `nombre`, `descripcion`) VALUES ('97', '7', 'Aguja: Curved Magnum 9RM', 'Tipos de Productos');
INSERT INTO `tfg`.`categorias` (`id`, `tipo`, `nombre`, `descripcion`) VALUES ('98', '7', 'Aguja: Curved Magnum 11RM', 'Tipos de Productos');
INSERT INTO `tfg`.`categorias` (`id`, `tipo`, `nombre`, `descripcion`) VALUES ('99', '7', 'Aguja: Curved Magnum 13RM', 'Tipos de Productos');
INSERT INTO `tfg`.`categorias` (`id`, `tipo`, `nombre`, `descripcion`) VALUES ('100', '7', 'Aguja: Curved Magnum 15RM', 'Tipos de Productos');
INSERT INTO `tfg`.`categorias` (`id`, `tipo`, `nombre`, `descripcion`) VALUES ('101', '7', 'Aguja: Curved Magnum 17RM', 'Tipos de Productos');
INSERT INTO `tfg`.`categorias` (`id`, `tipo`, `nombre`, `descripcion`) VALUES ('102', '7', 'Aguja: Curved Magnum 19RM', 'Tipos de Productos');
INSERT INTO `tfg`.`categorias` (`id`, `tipo`, `nombre`, `descripcion`) VALUES ('103', '7', 'Aguja: Curved Magnum 21RM', 'Tipos de Productos');
INSERT INTO `tfg`.`categorias` (`id`, `tipo`, `nombre`, `descripcion`) VALUES ('104', '7', 'Aguja: Curved Magnum 23RM', 'Tipos de Productos');
INSERT INTO `tfg`.`categorias` (`id`, `tipo`, `nombre`, `descripcion`) VALUES ('105', '7', 'Aguja: Curved Magnum 25RM', 'Tipos de Productos');
INSERT INTO `tfg`.`categorias` (`id`, `tipo`, `nombre`, `descripcion`) VALUES ('106', '7', 'Aguja: Curved Magnum 27RM', 'Tipos de Productos');
INSERT INTO `tfg`.`categorias` (`id`, `tipo`, `nombre`, `descripcion`) VALUES ('107', '7', 'Aguja: Curved Magnum 29RM', 'Tipos de Productos');
INSERT INTO `tfg`.`categorias` (`id`, `tipo`, `nombre`, `descripcion`) VALUES ('108', '7', 'Aguja: Curved Magnum 31RM', 'Tipos de Productos');
INSERT INTO `tfg`.`categorias` (`id`, `tipo`, `nombre`, `descripcion`) VALUES ('109', '7', 'Aguja: Curved Magnum 33RM', 'Tipos de Productos');
INSERT INTO `tfg`.`categorias` (`id`, `tipo`, `nombre`, `descripcion`) VALUES ('110', '7', 'Aguja: Curved Magnum 35RM', 'Tipos de Productos');
INSERT INTO `tfg`.`categorias` (`id`, `tipo`, `nombre`, `descripcion`) VALUES ('111', '7', 'Aguja: Curved Magnum 37RM', 'Tipos de Productos');
INSERT INTO `tfg`.`categorias` (`id`, `tipo`, `nombre`, `descripcion`) VALUES ('112', '7', 'Aguja: Curved Magnum 39RM', 'Tipos de Productos');
INSERT INTO `tfg`.`categorias` (`id`, `tipo`, `nombre`, `descripcion`) VALUES ('113', '7', 'Aguja: Curved Magnum 49RM', 'Tipos de Productos');
INSERT INTO `tfg`.`categorias` (`id`, `tipo`, `nombre`, `descripcion`) VALUES ('114', '7', 'Crema Anestésica', 'Tipos de Productos');
INSERT INTO `tfg`.`categorias` (`id`, `tipo`, `nombre`, `descripcion`) VALUES ('115', '7', 'Crema Hidratante', 'Tipos de Productos');
INSERT INTO `tfg`.`categorias` (`id`, `tipo`, `nombre`, `descripcion`) VALUES ('116', '7', 'Puntera', 'Tipos de Productos');
INSERT INTO `tfg`.`categorias` (`id`, `tipo`, `nombre`, `descripcion`) VALUES ('117', '7', 'Tinta', 'Tipos de Productos');

-- Password: Admin1234
-- Password: Gabriel1234
-- Password: Adam1234
-- Password: Ludmila1234
-- Password: Marcelo1234
-- Password: Nahuel1234
-- Password: Francisco1234
INSERT INTO `tfg`.`usuarios` (`nombre`, `contrasenia_hash`, `ultimo_cambio`, `activo`) VALUES ('admin', '$2a$10$IM5zqoWQ50rYA9Sjh/xak.WPBA4XfxjZbb5qwK.nbrT.21GS2rfJa', '2020-07-20 11:13:15', '1');
INSERT INTO `tfg`.`usuarios` (`nombre`, `contrasenia_hash`, `ultimo_cambio`, `activo`) VALUES ('gdroguett', '$2a$10$0nJjqyoX0R9YkWykagQx1OwxESSCYYhbp7vGyzm9Fhlso/U4dG5Iy', '2020-07-20 11:13:15', '1');
INSERT INTO `tfg`.`usuarios` (`nombre`, `contrasenia_hash`, `ultimo_cambio`, `activo`) VALUES ('asmith', '$2a$10$zMdT7Zm9Zotrc.unDh.vNuBznpBZxSJBixiKnAV/qAIiwbTtTYev6', '2020-07-20 11:13:15', '1');
INSERT INTO `tfg`.`usuarios` (`nombre`, `contrasenia_hash`, `ultimo_cambio`, `activo`) VALUES ('lserra', '$2a$10$TQJ49CYqxdFkHH9aRnSwHO9uQy7fzkuV2qX2.WjZarOIC78uEEfFi', '2020-07-20 11:13:15', '1');
INSERT INTO `tfg`.`usuarios` (`nombre`, `contrasenia_hash`, `ultimo_cambio`, `activo`) VALUES ('mrenzo', '$2a$10$z7IUjpUhz2iaBI4exkhYd.4T64sjN4Ms07BWY4w21HgcROux2WkQy', '2020-07-20 11:13:15', '1');
INSERT INTO `tfg`.`usuarios` (`nombre`, `contrasenia_hash`, `ultimo_cambio`, `activo`) VALUES ('ndroguett', '$2a$10$uTsoYZIN1mRLzBzwke9sye/GB26cX39hEYRukdm82ea6/YN5yunIC', '2020-07-20 11:13:15', '1');
INSERT INTO `tfg`.`usuarios` (`nombre`, `contrasenia_hash`, `ultimo_cambio`, `activo`) VALUES ('freyes', '$2a$10$Gif/KkgWHiJ0.AKMbYeXP.MkqmhOvioUv4Lr4JBhLKP42lVTjL9FW', '2020-07-20 11:13:15', '1');


INSERT INTO `tfg`.`personas` (`id`, `numero_documento`, `nombre`, `apellido`, `telefono`, `domicilio`, `correo_electronico` ,`categorias_id_tipo_documento`, `categorias_id_rol`) VALUES ('1', '35933000', 'Ezequiel', 'Reyes', '388-3432000', 'Parana 487', 'eezequielq@micorreo.com' ,'1', '9');
INSERT INTO `tfg`.`personas` (`id`, `numero_documento`, `nombre`, `apellido`, `telefono`, `domicilio`, `correo_electronico` ,`categorias_id_tipo_documento`, `categorias_id_rol`) VALUES ('2', '35000000', 'Charles', 'Ramonda', '351-5908312', 'Bv. Illia 444', 'cramonda@micorreo.com' ,'1', '9');
INSERT INTO `tfg`.`personas` (`id`, `numero_documento`, `nombre`, `apellido`, `telefono`, `domicilio`, `correo_electronico` ,`categorias_id_tipo_documento`, `categorias_id_rol`) VALUES ('3', '34000000', 'Leonard', 'di Prinzio', '351-6781290', 'Bv. San Juan 394', 'ldiprinzio@micorreo.com' ,'1', '9');
INSERT INTO `tfg`.`personas` (`id`, `numero_documento`, `nombre`, `apellido`, `telefono`, `domicilio`, `correo_electronico` ,`categorias_id_tipo_documento`, `categorias_id_rol`) VALUES ('4', '33000000', 'Ferdinand', 'Frias', '351-3198533', 'Chile 144', 'ffrias@micorreo.com' ,'1', '9');
INSERT INTO `tfg`.`personas` (`id`, `numero_documento`, `nombre`, `apellido`, `telefono`, `domicilio`, `correo_electronico` ,`categorias_id_tipo_documento`, `categorias_id_rol`) VALUES ('5', '32123456', 'Callixtus', 'Maldonado', '351-4667891', 'Av. Velez Sarfield 333', 'cmaldonado@micorreo.com' ,'1', '9');
INSERT INTO `tfg`.`personas` (`id`, `numero_documento`, `nombre`, `apellido`, `telefono`, `domicilio`, `correo_electronico` ,`categorias_id_tipo_documento`, `categorias_id_rol`) VALUES ('6', '31123456', 'Paul', 'Godino', '351-6567700', 'Av. Pueyrredon 144', 'pgodino@micorreo.com' ,'1', '9');

INSERT INTO `tfg`.`personas` (`id`, `numero_documento`, `nombre`, `apellido`, `telefono`, `domicilio`, `correo_electronico` ,`categorias_id_tipo_documento`, `categorias_id_rol`) VALUES ('7', '38123456', 'Gaby', 'Droguett', '351-4108811', 'Rondeau 587', 'gabydroguett@micorreo.com' ,'1', '8');
INSERT INTO `tfg`.`personas` (`id`, `numero_documento`, `nombre`, `apellido`, `telefono`, `domicilio`, `correo_electronico` ,`categorias_id_tipo_documento`, `categorias_id_rol`) VALUES ('8', '37300200', 'Adam', 'Smith', '351-5961099', 'Obispo Salguero 300', 'asmith@micorreo.com' ,'1', '10');
INSERT INTO `tfg`.`personas` (`id`, `numero_documento`, `nombre`, `apellido`, `telefono`, `domicilio`, `correo_electronico` ,`categorias_id_tipo_documento`, `categorias_id_rol`) VALUES ('9', '39222333', 'Lu', 'Serra', '351-6672201', 'Balcarce 222', 'luserra@micorreo.com' ,'1', '11');
INSERT INTO `tfg`.`personas` (`id`, `numero_documento`, `nombre`, `apellido`, `telefono`, `domicilio`, `correo_electronico` ,`categorias_id_tipo_documento`, `categorias_id_rol`) VALUES ('10', '38123456', 'Marcelo', 'Renzo', '351-3267541', 'San Lorenzo 756', 'marrenzo@micorreo.com' ,'1', '8');
INSERT INTO `tfg`.`personas` (`id`, `numero_documento`, `nombre`, `apellido`, `telefono`, `domicilio`, `correo_electronico` ,`categorias_id_tipo_documento`, `categorias_id_rol`) VALUES ('11', '35123123', 'Nahuel', 'Droguett', '351-6989044', 'Ituzaingo 484', 'nahudroguett@micorreo.com' ,'1', '8');
INSERT INTO `tfg`.`personas` (`id`, `numero_documento`, `nombre`, `apellido`, `telefono`, `domicilio`, `correo_electronico` ,`categorias_id_tipo_documento`, `categorias_id_rol`) VALUES ('12', '35933999', 'Francisco', 'Reyes', '388-4108811', 'Independencia 555', 'eezequielq@gmail.com' ,'1', '10');

INSERT INTO `tfg`.`encargados_compras` (`id`, `usuarios_nombre`, `personas_id`) VALUES ('1', 'asmith', '8');
INSERT INTO `tfg`.`encargados_compras` (`id`, `usuarios_nombre`, `personas_id`) VALUES ('2', 'freyes', '12');

INSERT INTO `tfg`.`recepcionistas` (`id`, `usuarios_nombre`, `personas_id`) VALUES ('1', 'lserra', '9');

INSERT INTO `tfg`.`tatuadores` (`id`, `usuarios_nombre`, `personas_id`, `pseudonimo`, `color_hex`) VALUES ('1', 'gdroguett', '7', 'DRA', '#FF9B9B');
INSERT INTO `tfg`.`tatuadores` (`id`, `usuarios_nombre`, `personas_id`, `pseudonimo`, `color_hex`) VALUES ('2', 'mrenzo', '10', 'Marchi Renzo', '#FF0000');
INSERT INTO `tfg`.`tatuadores` (`id`, `usuarios_nombre`, `personas_id`, `pseudonimo`, `color_hex`) VALUES ('3', 'ndroguett', '11', 'NQK', '#FF00FF');

INSERT INTO `tfg`.`fichas_clinica_piel` (`id`, `psoriasis`, `eccema`, `queloide`, `comentario`) VALUES ('1', '0', '0', '1', 'No aplica');
INSERT INTO `tfg`.`fichas_clinica_ets` (`id`, `vih`, `sifilis`, `hepatitis_b`, `hpv`, `comentario`) VALUES ('1', '0', '0', '0', '0', 'No aplica');
INSERT INTO `tfg`.`fichas_clinicas` (`id`, `grupo_sanguineo`, `factor_rh`, `alergias`, `problemas_cardiacos`, `comentarios`, `fichas_clinica_ets_id`, `fichas_clinica_piel_id`) VALUES ('1', '0', '+', 'Látex', 'No', 'No aplica', '1', '1');

INSERT INTO `tfg`.`fichas_clinica_piel` (`id`, `psoriasis`, `eccema`, `queloide`, `comentario`) VALUES ('2', '0', '0', '0', 'No aplica');
INSERT INTO `tfg`.`fichas_clinica_ets` (`id`, `vih`, `sifilis`, `hepatitis_b`, `hpv`, `comentario`) VALUES ('2', '0', '0', '0', '0', 'No aplica');
INSERT INTO `tfg`.`fichas_clinicas` (`id`, `grupo_sanguineo`, `factor_rh`, `alergias`, `problemas_cardiacos`, `comentarios`, `fichas_clinica_ets_id`, `fichas_clinica_piel_id`) VALUES ('2', 'A', '+', 'Ninguno', 'No', 'No aplica', '2', '2');

INSERT INTO `tfg`.`fichas_clinica_piel` (`id`, `psoriasis`, `eccema`, `queloide`, `comentario`) VALUES ('3', '0', '0', '0', 'No aplica');
INSERT INTO `tfg`.`fichas_clinica_ets` (`id`, `vih`, `sifilis`, `hepatitis_b`, `hpv`, `comentario`) VALUES ('3', '0', '0', '0', '0', 'No aplica');
INSERT INTO `tfg`.`fichas_clinicas` (`id`, `grupo_sanguineo`, `factor_rh`, `alergias`, `problemas_cardiacos`, `comentarios`, `fichas_clinica_ets_id`, `fichas_clinica_piel_id`) VALUES ('3', 'A', '-', 'Pelo de Animales', 'No', 'No aplica', '3', '3');

INSERT INTO `tfg`.`fichas_clinica_piel` (`id`, `psoriasis`, `eccema`, `queloide`, `comentario`) VALUES ('4', '0', '0', '0', 'No aplica');
INSERT INTO `tfg`.`fichas_clinica_ets` (`id`, `vih`, `sifilis`, `hepatitis_b`, `hpv`, `comentario`) VALUES ('4', '0', '0', '0', '0', 'No aplica');
INSERT INTO `tfg`.`fichas_clinicas` (`id`, `grupo_sanguineo`, `factor_rh`, `alergias`, `problemas_cardiacos`, `comentarios`, `fichas_clinica_ets_id`, `fichas_clinica_piel_id`) VALUES ('4', 'B', '-', 'Polen', 'No', 'No aplica', '4', '4');

INSERT INTO `tfg`.`fichas_clinica_piel` (`id`, `psoriasis`, `eccema`, `queloide`, `comentario`) VALUES ('5', '0', '0', '0', 'No aplica');
INSERT INTO `tfg`.`fichas_clinica_ets` (`id`, `vih`, `sifilis`, `hepatitis_b`, `hpv`, `comentario`) VALUES ('5', '0', '0', '0', '0', 'No aplica');
INSERT INTO `tfg`.`fichas_clinicas` (`id`, `grupo_sanguineo`, `factor_rh`, `alergias`, `problemas_cardiacos`, `comentarios`, `fichas_clinica_ets_id`, `fichas_clinica_piel_id`) VALUES ('5', 'B', '-', 'Sol', 'No', 'No aplica', '5', '5');

INSERT INTO `tfg`.`fichas_clinica_piel` (`id`, `psoriasis`, `eccema`, `queloide`, `comentario`) VALUES ('6', '0', '0', '0', 'No aplica');
INSERT INTO `tfg`.`fichas_clinica_ets` (`id`, `vih`, `sifilis`, `hepatitis_b`, `hpv`, `comentario`) VALUES ('6', '0', '0', '0', '0', 'No aplica');
INSERT INTO `tfg`.`fichas_clinicas` (`id`, `grupo_sanguineo`, `factor_rh`, `alergias`, `problemas_cardiacos`, `comentarios`, `fichas_clinica_ets_id`, `fichas_clinica_piel_id`) VALUES ('6', 'AB', '+', 'Ninguno', 'Si', 'No aplica', '6', '6');

INSERT INTO `tfg`.`clientes` (`id`, `fichas_clinicas_id`, `personas_id`) VALUES ('1', '1', '1');
INSERT INTO `tfg`.`clientes` (`id`, `fichas_clinicas_id`, `personas_id`) VALUES ('2', '2', '2');
INSERT INTO `tfg`.`clientes` (`id`, `fichas_clinicas_id`, `personas_id`) VALUES ('3', '3', '3');
INSERT INTO `tfg`.`clientes` (`id`, `fichas_clinicas_id`, `personas_id`) VALUES ('4', '4', '4');
INSERT INTO `tfg`.`clientes` (`id`, `fichas_clinicas_id`, `personas_id`) VALUES ('5', '5', '5');
INSERT INTO `tfg`.`clientes` (`id`, `fichas_clinicas_id`, `personas_id`) VALUES ('6', '6', '6');

INSERT INTO `tfg`.`turnos` (`id`, `descripcion`, `fecha_inicio`, `fecha_fin`, `seña`, `imagen_referencia`, `categorias_id_estado`, `categorias_id_prioridad`, `categorias_id_tipo_tatuaje`, `tatuadores_id`, `clientes_id`, `usuarios_nombre_iniciado_por`) VALUES ('1', 'Japonés en pierna.', DATE_ADD(current_timestamp(), INTERVAL -2 DAY), DATE_ADD(DATE_ADD(current_timestamp(), INTERVAL -2 DAY), INTERVAL 5 HOUR), '2000', 'https://i.pinimg.com/originals/ac/e7/b3/ace7b3e93a93dbc19be7c3c5d3aa129d.jpg', '6', '4', '18', '1', '1', 'gdroguett');
INSERT INTO `tfg`.`turnos` (`id`, `descripcion`, `fecha_inicio`, `fecha_fin`, `seña`, `imagen_referencia`, `categorias_id_estado`, `categorias_id_prioridad`, `categorias_id_tipo_tatuaje`, `tatuadores_id`, `clientes_id`, `usuarios_nombre_iniciado_por`) VALUES ('2', 'New School en rodilla.', DATE_ADD(current_timestamp(), INTERVAL -1 DAY), DATE_ADD(DATE_ADD(current_timestamp(), INTERVAL -1 DAY), INTERVAL 5 HOUR), '6000', 'https://i.pinimg.com/originals/db/4e/42/db4e424ecead3c32cb29afb1048255b6.jpg', '7', '4', '22', '1', '1', 'gdroguett');
INSERT INTO `tfg`.`turnos` (`id`, `descripcion`, `fecha_inicio`, `fecha_fin`, `seña`, `imagen_referencia`, `categorias_id_estado`, `categorias_id_prioridad`, `categorias_id_tipo_tatuaje`, `tatuadores_id`, `clientes_id`, `usuarios_nombre_iniciado_por`) VALUES ('3', 'Maori en espalda.', current_timestamp(), DATE_ADD(current_timestamp(), INTERVAL 4 HOUR), '500', 'https://i.pinimg.com/originals/16/ae/66/16ae6631d50ea1d3bb1c39a3ea797593.jpg', '6', '4', '20', '1', '2', 'gdroguett');
INSERT INTO `tfg`.`turnos` (`id`, `descripcion`, `fecha_inicio`, `fecha_fin`, `seña`, `imagen_referencia`, `categorias_id_estado`, `categorias_id_prioridad`, `categorias_id_tipo_tatuaje`, `tatuadores_id`, `clientes_id`, `usuarios_nombre_iniciado_por`) VALUES ('4', 'Realismo en pierna.', DATE_ADD(current_timestamp(), INTERVAL -1 DAY), DATE_ADD(DATE_ADD(current_timestamp(), INTERVAL -1 DAY), INTERVAL 5 HOUR), '800', 'https://i.pinimg.com/736x/71/ab/d0/71abd0141dcfe0f11868d3971d31c1b6.jpg', '6', '4', '25', '2', '3', 'lserra');
INSERT INTO `tfg`.`turnos` (`id`, `descripcion`, `fecha_inicio`, `fecha_fin`, `seña`, `imagen_referencia`, `categorias_id_estado`, `categorias_id_prioridad`, `categorias_id_tipo_tatuaje`, `tatuadores_id`, `clientes_id`, `usuarios_nombre_iniciado_por`) VALUES ('5', 'Trash Polka en muslo.', DATE_ADD(current_timestamp(), INTERVAL 1 HOUR), DATE_ADD(current_timestamp(), INTERVAL 4 HOUR), '1500', 'https://i.pinimg.com/736x/bf/94/d3/bf94d3c88b71156a39751509cc298cb4.jpg', '6', '4', '28', '2', '4', 'lserra');
INSERT INTO `tfg`.`turnos` (`id`, `descripcion`, `fecha_inicio`, `fecha_fin`, `seña`, `imagen_referencia`, `categorias_id_estado`, `categorias_id_prioridad`, `categorias_id_tipo_tatuaje`, `tatuadores_id`, `clientes_id`, `usuarios_nombre_iniciado_por`) VALUES ('6', 'Lettering en antebrazo.', DATE_ADD(current_timestamp(), INTERVAL -1 HOUR), DATE_ADD(current_timestamp(), INTERVAL 5 HOUR), '1200', 'https://i.pinimg.com/564x/64/2c/57/642c579b1f334d48acaa85017fea66f0.jpg', '6', '4', '19', '3', '5', 'mrenzo');
INSERT INTO `tfg`.`turnos` (`id`, `descripcion`, `fecha_inicio`, `fecha_fin`, `seña`, `imagen_referencia`, `categorias_id_estado`, `categorias_id_prioridad`, `categorias_id_tipo_tatuaje`, `tatuadores_id`, `clientes_id`, `usuarios_nombre_iniciado_por`) VALUES ('7', 'New School en rodilla.', DATE_ADD(current_timestamp(), INTERVAL 2 DAY), DATE_ADD(DATE_ADD(current_timestamp(), INTERVAL 2 DAY), INTERVAL 3 HOUR), '2500', 'https://i.pinimg.com/originals/e4/a0/34/e4a0346b8c61f2a4ea896477aa23caf6.jpg', '6', '4', '22', '3', '6', 'asmith');
INSERT INTO `tfg`.`turnos` (`id`, `descripcion`, `fecha_inicio`, `fecha_fin`, `seña`, `imagen_referencia`, `categorias_id_estado`, `categorias_id_prioridad`, `categorias_id_tipo_tatuaje`, `tatuadores_id`, `clientes_id`, `usuarios_nombre_iniciado_por`) VALUES ('8', 'Old School en rodilla.', DATE_ADD(current_timestamp(), INTERVAL 3 DAY), DATE_ADD(DATE_ADD(current_timestamp(), INTERVAL 3 DAY), INTERVAL 5 HOUR), '6000', 'https://i.pinimg.com/originals/80/d4/7b/80d47b9f8fe0e07aa92713ffd4766bc4.jpg', '7', '4', '23', '3', '1', 'mrenzo');

INSERT INTO `tfg`.`productos` (`id`, `cantidad_actual`, `cantidad_minima`, `caracteristica`, `categorias_id_marca`, `categorias_id_tipo_producto`) VALUES ('1', '1', '5', 'Crema no apta para líneas', '38', '114');
INSERT INTO `tfg`.`productos` (`id`, `cantidad_actual`, `cantidad_minima`, `caracteristica`, `categorias_id_marca`, `categorias_id_tipo_producto`) VALUES ('2', '70', '50', 'Color: Solid Black', '30', '117');
INSERT INTO `tfg`.`productos` (`id`, `cantidad_actual`, `cantidad_minima`, `caracteristica`, `categorias_id_marca`, `categorias_id_tipo_producto`) VALUES ('3', '90', '50', 'Color: Fresh Red', '31', '117');
INSERT INTO `tfg`.`productos` (`id`, `cantidad_actual`, `cantidad_minima`, `caracteristica`, `categorias_id_marca`, `categorias_id_tipo_producto`) VALUES ('4', '5', '125', 'No aplica', '34', '94');
INSERT INTO `tfg`.`productos` (`id`, `cantidad_actual`, `cantidad_minima`, `caracteristica`, `categorias_id_marca`, `categorias_id_tipo_producto`) VALUES ('5', '10', '155', 'No aplica', '37', '95');
INSERT INTO `tfg`.`productos` (`id`, `cantidad_actual`, `cantidad_minima`, `caracteristica`, `categorias_id_marca`, `categorias_id_tipo_producto`) VALUES ('6', '1', '5', 'Edición: Hidratación extrema', '39', '115');
INSERT INTO `tfg`.`productos` (`id`, `cantidad_actual`, `cantidad_minima`, `caracteristica`, `categorias_id_marca`, `categorias_id_tipo_producto`) VALUES ('7', '200', '50', 'No aplica', '37', '67');
INSERT INTO `tfg`.`productos` (`id`, `cantidad_actual`, `cantidad_minima`, `caracteristica`, `categorias_id_marca`, `categorias_id_tipo_producto`) VALUES ('8', '300', '75', 'No aplica', '37', '85');
INSERT INTO `tfg`.`productos` (`id`, `cantidad_actual`, `cantidad_minima`, `caracteristica`, `categorias_id_marca`, `categorias_id_tipo_producto`) VALUES ('9', '150', '90', 'No aplica', '36', '100');